Trends in Number of COVID-19 Vaccinations in the US,,,,,,,,,,,,,,,,
Date generated: Wed Nov 03 2021 10:56:22 GMT-0400 (Eastern Daylight Time),,,,,,,,,,,,,,,,
Date Type,Date,Location,Total Doses Administered Daily,Daily Count People Receiving Dose 1,Total Doses Administered Cumulative,People Receiving 1 or More Doses Cumulative,7-Day Avg Daily Count Dose 1,7-Day Avg Total Doses Daily,Total Doses Administered Daily Change,7-Day Avg Total Doses Administered Daily Change,Daily Count of People Fully Vaccinated,People Fully Vaccinated Cumulative,7-Day Avg Daily Count of People Fully Vaccinated,People Receiving a Booster Dose,Total People Receiving a Booster Dose,7-Day Average Daily Count Booster
Report,12/13/2020,US,,,,,,,0,0,,,,N/A,N/A,N/A
Admin,12/14/2020,US,4290,4160,24142,21120,10560,12071,,,90,3539,1769,0,0,0
Report,12/14/2020,US,,,,,,,509,255,,,,N/A,N/A,N/A
Admin,12/15/2020,US,48550,46364,72692,67484,22495,24230,,,180,3719,1239,0,0,0
Report,12/15/2020,US,,,,,,,12129,4213,,,,N/A,N/A,N/A
Admin,12/16/2020,US,158539,153140,231231,220624,55156,57807,,,359,4078,1019,0,0,0
Report,12/16/2020,US,,,,,,,38996,12909,,,,N/A,N/A,N/A
Admin,12/17/2020,US,270152,263177,501383,483801,96760,100276,,,532,4610,922,0,0,0
Report,12/17/2020,US,,,,,,,75708,25468,,,,N/A,N/A,N/A
Admin,12/18/2020,US,412756,404293,914139,888094,148016,152356,,,938,5548,924,0,0,0
Report,12/18/2020,US,,,,,,,126800,42357,,,,N/A,N/A,N/A
Admin,12/19/2020,US,180689,176963,1094828,1065057,152151,156404,,,934,6482,926,0,0,0
Report,12/19/2020,US,,,,,,,187508,63093,,,,N/A,N/A,N/A
Admin,12/20/2020,US,103932,102124,1198760,1167181,164317,168415,,,626,7108,522,0,0,0
Report,12/20/2020,US,,,,,,,209853,93072,,,,N/A,N/A,N/A
Admin,12/21/2020,US,380544,374271,1579304,1541452,217190,222166,,,1124,8232,670,0,0,0
Report,12/21/2020,US,,,,,,,149957,114422,,,,N/A,N/A,N/A
Admin,12/22/2020,US,447834,439352,2027138,1980804,273331,279206,,,2417,10649,990,0,0,0
Report,12/22/2020,US,,,,,,,189722,139792,,,,N/A,N/A,N/A
Admin,12/23/2020,US,571271,559908,2598409,2540712,331441,338168,,,1985,12634,1222,0,0,0
Report,12/23/2020,US,,,,,,,368173,186817,,,,N/A,N/A,N/A
Admin,12/24/2020,US,195430,190646,2793839,2731358,321080,327493,,,882,13516,1272,0,0,0
Report,12/24/2020,US,,,,,,,338436,224350,,,,N/A,N/A,N/A
Admin,12/25/2020,US,12609,12477,2806448,2743835,265106,270329,,,85,13601,1150,0,0,0
Report,12/25/2020,US,,,,,,,336145,254256,,,,N/A,N/A,N/A
Admin,12/26/2020,US,140822,137949,2947270,2881784,259532,264634,,,569,14170,1098,0,0,0
Report,12/26/2020,US,,,,,,,156478,249823,,,,N/A,N/A,N/A
Admin,12/27/2020,US,95811,93012,3043081,2974796,258231,263474,,,548,14718,1087,0,0,0
Report,12/27/2020,US,,,,,,,61992,228700,,,,N/A,N/A,N/A
Admin,12/28/2020,US,585832,574093,3628913,3548889,286777,292801,,,2962,17680,1349,0,0,0
Report,12/28/2020,US,,,,,,,156220,229595,,,,N/A,N/A,N/A
Admin,12/29/2020,US,714607,698221,4343520,4247110,323758,330911,,,4113,21793,1592,0,0,0
Report,12/29/2020,US,,,,,,,314677,247446,,,,N/A,N/A,N/A
Admin,12/30/2020,US,834919,818203,5178439,5065313,360657,368575,,,6332,28125,2213,0,0,0
Report,12/30/2020,US,,,,,,,441549,257928,,,,N/A,N/A,N/A
Admin,12/31/2020,US,418752,410449,5597191,5475762,392058,400478,,,2710,30835,2474,0,0,0
Report,12/31/2020,US,,,,,,,573278,291477,,,,N/A,N/A,N/A
Admin,1/1/2021,US,81184,74801,5678375,5550563,400961,410275,,,5170,36005,3200,0,0,0
Report,1/1/2021,US,,,,,,,434528,305532,,,,N/A,N/A,N/A
Admin,1/2/2021,US,260824,252290,5939199,5802853,417296,427418,,,2557,38562,3484,0,0,0
Report,1/2/2021,US,,,,,,,290402,324664,,,,N/A,N/A,N/A
Admin,1/3/2021,US,136662,129461,6075861,5932314,422503,433254,,,2397,40959,3748,0,0,0
Report,1/3/2021,US,,,,,,,185279,342276,,,,N/A,N/A,N/A
Admin,1/4/2021,US,648212,590919,6724073,6523233,424906,442165,,,44777,85736,9722,0,0,0
Report,1/4/2021,US,,,,,,,239472,354169,,,,N/A,N/A,N/A
Admin,1/5/2021,US,821356,722864,7545429,7246097,428427,457415,,,87031,172767,21567,0,0,0
Report,1/5/2021,US,,,,,,,337114,357375,,,,N/A,N/A,N/A
Admin,1/6/2021,US,1011927,825326,8557356,8071423,429444,482702,,,170616,343383,45036,0,0,0
Report,1/6/2021,US,,,,,,,600055,380018,,,,N/A,N/A,N/A
Admin,1/7/2021,US,1157826,859245,9715182,8930668,493558,588284,,,277775,621158,84331,0,0,0
Report,1/7/2021,US,,,,,,,730700,402507,,,,N/A,N/A,N/A
Admin,1/8/2021,US,1223742,839802,10938924,9770470,602844,751507,,,359838,980996,134998,0,0,0
Report,1/8/2021,US,,,,,,,870465,464784,,,,N/A,N/A,N/A
Admin,1/9/2021,US,504704,367952,11443628,10138422,619367,786347,,,127707,1108703,152877,0,0,0
Report,1/9/2021,US,,,,,,,790484,536224,,,,N/A,N/A,N/A
Admin,1/10/2021,US,248337,174694,11691965,10313116,625829,802300,,,68686,1177389,162347,0,0,0
Report,1/10/2021,US,,,,,,,727095,613626,,,,N/A,N/A,N/A
Admin,1/11/2021,US,1062804,720260,12754769,11033376,644306,861528,,,321230,1498619,201840,0,0,0
Report,1/11/2021,US,,,,,,,419440,639336,,,,N/A,N/A,N/A
Admin,1/12/2021,US,1246669,909268,14001438,11942644,670935,922287,,,313177,1811796,234147,0,0,0
Report,1/12/2021,US,,,,,,,516858,665014,,,,N/A,N/A,N/A
Admin,1/13/2021,US,1315147,1025066,15316585,12967710,699470,965604,,,269859,2081655,248324,0,0,0
Report,1/13/2021,US,,,,,,,987485,720361,,,,N/A,N/A,N/A
Admin,1/14/2021,US,1303142,1149412,16619727,14117122,740922,986363,,,133944,2215599,227777,0,0,0
Report,1/14/2021,US,,,,,,,1093867,772242,,,,N/A,N/A,N/A
Admin,1/15/2021,US,1256814,1120431,17876541,15237553,781012,991088,,,119405,2335004,193429,0,0,0
Report,1/15/2021,US,,,,,,,956233,784495,,,,N/A,N/A,N/A
Admin,1/16/2021,US,652654,570780,18529195,15808333,809987,1012223,,,71270,2406274,185367,0,0,0
Report,1/16/2021,US,,,,,,,1141043,834574,,,,N/A,N/A,N/A
Admin,1/17/2021,US,306054,256942,18835249,16065275,821737,1020469,,,41785,2448059,181524,0,0,0
Report,1/17/2021,US,,,,,,,856109,853005,,,,N/A,N/A,N/A
Admin,1/18/2021,US,879598,636553,19714847,16701828,809779,994296,,,226657,2674716,168013,0,0,0
Report,1/18/2021,US,,,,,,,548050,871378,,,,N/A,N/A,N/A
Admin,1/19/2021,US,1342324,969662,21057171,17671490,818407,1007961,,,350375,3025091,173327,0,0,0
Report,1/19/2021,US,,,,,,,621154,886277,,,,N/A,N/A,N/A
Admin,1/20/2021,US,1615471,1173727,22672642,18845217,839644,1050865,,,417249,3442340,194383,0,0,0
Report,1/20/2021,US,,,,,,,441318,808253,,,,N/A,N/A,N/A
Admin,1/21/2021,US,1632380,1338657,24305022,20183874,866679,1097899,,,270149,3712489,213841,0,0,0
Report,1/21/2021,US,,,,,,,1021093,797857,,,,N/A,N/A,N/A
Admin,1/22/2021,US,1615689,1388609,25920711,21572483,904990,1149167,,,205327,3917816,226116,0,0,0
Report,1/22/2021,US,,,,,,,1561585,884336,,,,N/A,N/A,N/A
Admin,1/23/2021,US,904085,742616,26824796,22315099,929538,1185085,,,147443,4065259,236997,0,0,0
Report,1/23/2021,US,,,,,,,1430031,925620,,,,N/A,N/A,N/A
Admin,1/24/2021,US,395811,302089,27220607,22617188,935988,1197908,,,86873,4152132,243439,0,0,0
Report,1/24/2021,US,,,,,,,1310665,990557,,,,N/A,N/A,N/A
Admin,1/25/2021,US,1356260,854555,28576867,23471743,967131,1266002,,,477970,4630102,279340,0,0,0
Report,1/25/2021,US,,,,,,,885588,1038776,,,,N/A,N/A,N/A
Admin,1/26/2021,US,1649452,1053225,30226319,24524968,979068,1309878,,,570272,5200374,310754,0,0,0
Report,1/26/2021,US,,,,,,,806751,1065290,,,,N/A,N/A,N/A
Admin,1/27/2021,US,1916973,1249371,32143292,25774339,989875,1352950,,,635748,5836122,341968,0,0,0
Report,1/27/2021,US,,,,,,,1111640,1161050,,,,N/A,N/A,N/A
Admin,1/28/2021,US,1947104,1368348,34090396,27142687,994116,1397910,,,545470,6381592,381300,0,0,0
Report,1/28/2021,US,,,,,,,1541048,1235330,,,,N/A,N/A,N/A
Admin,1/29/2021,US,1892100,1362382,35982496,28505069,990369,1437397,,,483225,6864817,421000,0,0,0
Report,1/29/2021,US,,,,,,,1690979,1253815,,,,N/A,N/A,N/A
Admin,1/30/2021,US,1019470,764180,37001966,29269249,993450,1453881,,,238417,7103234,433996,0,0,0
Report,1/30/2021,US,,,,,,,1693241,1291416,,,,N/A,N/A,N/A
Admin,1/31/2021,US,461338,326919,37463304,29596168,996997,1463242,,,124284,7227518,439340,0,0,0
Report,1/31/2021,US,,,,,,,1545397,1324949,,,,N/A,N/A,N/A
Admin,2/1/2021,US,1353736,761198,38817040,30357366,983660,1462881,,,557574,7785092,450712,0,0,0
Report,2/1/2021,US,,,,,,,1099103,1355451,,,,N/A,N/A,N/A
Admin,2/2/2021,US,1674587,961794,40491627,31319160,970599,1466472,,,683381,8468473,466871,0,0,0
Report,2/2/2021,US,,,,,,,558458,1319981,,,,N/A,N/A,N/A
Admin,2/3/2021,US,2124484,1262483,42616111,32581643,972472,1496117,,,820533,9289006,493269,0,0,0
Report,2/3/2021,US,,,,,,,1097394,1317946,,,,N/A,N/A,N/A
Admin,2/4/2021,US,2325835,1390247,44941946,33971890,975600,1550221,,,895758,10184764,543310,0,0,0
Report,2/4/2021,US,,,,,,,1325456,1287147,,,,N/A,N/A,N/A
Admin,2/5/2021,US,2335076,1354798,47277022,35326688,974517,1613503,,,939422,11124186,608481,0,0,0
Report,2/5/2021,US,,,,,,,1615502,1276364,,,,N/A,N/A,N/A
Admin,2/6/2021,US,1294653,855843,48571675,36182531,987612,1652815,,,416235,11540421,633883,0,0,0
Report,2/6/2021,US,,,,,,,2218752,1351437,,,,N/A,N/A,N/A
Admin,2/7/2021,US,447357,280167,49019032,36462698,980933,1650818,,,154766,11695187,638238,0,0,0
Report,2/7/2021,US,,,,,,,2172973,1441091,,,,N/A,N/A,N/A
Admin,2/8/2021,US,1567001,839590,50586033,37302288,992132,1681284,,,693860,12389047,657707,0,0,0
Report,2/8/2021,US,,,,,,,1206680,1456459,,,,N/A,N/A,N/A
Admin,2/9/2021,US,1959415,1042573,52545448,38344861,1003672,1721974,,,878551,13267598,685589,0,0,0
Report,2/9/2021,US,,,,,,,788573,1489333,,,,N/A,N/A,N/A
Admin,2/10/2021,US,2289167,1228217,54834615,39573078,998776,1745500,,,1022126,14289724,714388,0,0,0
Report,2/10/2021,US,,,,,,,1563780,1555959,,,,N/A,N/A,N/A
Admin,2/11/2021,US,2389777,1276111,57224392,40849189,982471,1754635,,,1073633,15363357,739799,0,0,0
Report,2/11/2021,US,,,,,,,1620300,1598080,,,,N/A,N/A,N/A
Admin,2/12/2021,US,2568826,1380451,59793218,42229640,986136,1788028,,,1141948,16505305,768731,0,0,0
Report,2/12/2021,US,,,,,,,2020288,1655907,,,,N/A,N/A,N/A
Admin,2/13/2021,US,1467659,864778,61260877,43094418,987412,1812743,,,570550,17075855,790776,0,0,0
Report,2/13/2021,US,,,,,,,2231326,1657703,,,,N/A,N/A,N/A
Admin,2/14/2021,US,590754,347126,61851631,43441544,996978,1833228,,,227572,17303427,801177,0,0,0
Report,2/14/2021,US,,,,,,,2242472,1667631,,,,N/A,N/A,N/A
Admin,2/15/2021,US,1172365,618815,63023996,44060359,965439,1776851,,,524559,17827986,776991,0,0,0
Report,2/15/2021,US,,,,,,,1376214,1691850,,,,N/A,N/A,N/A
Admin,2/16/2021,US,1616177,801175,64640173,44861534,930953,1727817,,,778768,18606754,762736,0,0,0
Report,2/16/2021,US,,,,,,,959794,1716311,,,,N/A,N/A,N/A
Admin,2/17/2021,US,1954017,932741,66594190,45794275,888742,1679939,,,983933,19590687,757280,0,0,0
Report,2/17/2021,US,,,,,,,1061463,1644551,,,,N/A,N/A,N/A
Admin,2/18/2021,US,1846323,836700,68440513,46630975,825969,1602303,,,963327,20554014,741522,0,0,0
Report,2/18/2021,US,,,,,,,1455940,1621071,,,,N/A,N/A,N/A
Admin,2/19/2021,US,1958647,835981,70399160,47466956,748188,1515134,,,1078659,21632673,732481,0,0,0
Report,2/19/2021,US,,,,,,,1847276,1596355,,,,N/A,N/A,N/A
Admin,2/20/2021,US,1303654,607227,71702814,48074183,711395,1491705,,,667945,22300618,746394,0,0,0
Report,2/20/2021,US,,,,,,,1704457,1521088,,,,N/A,N/A,N/A
Admin,2/21/2021,US,592747,260551,72295561,48334734,699027,1491990,,,315129,22615747,758902,0,0,0
Report,2/21/2021,US,,,,,,,1801134,1458040,,,,N/A,N/A,N/A
Admin,2/22/2021,US,1454242,630656,73749803,48965390,700719,1532258,,,784206,23399953,795995,0,0,0
Report,2/22/2021,US,,,,,,,1086840,1416701,,,,N/A,N/A,N/A
Admin,2/23/2021,US,1933694,886934,75683497,49852324,712970,1577617,,,1003429,24403382,828089,0,0,0
Report,2/23/2021,US,,,,,,,854609,1401674,,,,N/A,N/A,N/A
Admin,2/24/2021,US,2518168,1262918,78201665,51115242,760138,1658210,,,1207564,25610946,860037,0,0,0
Report,2/24/2021,US,,,,,,,1432864,1454731,,,,N/A,N/A,N/A
Admin,2/25/2021,US,2923582,1554011,81125247,52669253,862611,1812104,,,1308770,26919716,909386,0,0,0
Report,2/25/2021,US,,,,,,,1809170,1505193,,,,N/A,N/A,N/A
Admin,2/26/2021,US,3092805,1689604,84218052,54358857,984557,1974127,,,1343338,28263054,947197,0,0,0
Report,2/26/2021,US,,,,,,,2179947,1552717,,,,N/A,N/A,N/A
Admin,2/27/2021,US,1984906,1149715,86202958,55508572,1062056,2071449,,,799805,29062859,966034,0,0,0
Report,2/27/2021,US,,,,,,,2352116,1645240,,,,N/A,N/A,N/A
Admin,2/28/2021,US,851882,541684,87054840,56050256,1102217,2108468,,,286802,29349661,961987,0,0,0
Report,2/28/2021,US,,,,,,,2429823,1735053,,,,N/A,N/A,N/A
Admin,3/1/2021,US,2005772,1185611,89060612,57235867,1181497,2187258,,,767830,30117491,959648,0,0,0
Report,3/1/2021,US,,,,,,,1663984,1817502,,,,N/A,N/A,N/A
Admin,3/2/2021,US,2451495,1472191,91512107,58708058,1265105,2261230,,,938087,31055578,950313,0,0,0
Report,3/2/2021,US,,,,,,,1731614,1942788,,,,N/A,N/A,N/A
Admin,3/3/2021,US,2891884,1746283,94403991,60454341,1334157,2314618,,,1107745,32163323,936053,0,0,0
Report,3/3/2021,US,,,,,,,1908873,2010790,,,,N/A,N/A,N/A
Admin,3/4/2021,US,3189896,1964695,97593887,62419036,1392826,2352662,,,1220211,33383534,923402,0,0,0
Report,3/4/2021,US,,,,,,,2032374,2042676,,,,N/A,N/A,N/A
Admin,3/5/2021,US,3213627,2014312,100807514,64433348,1439213,2369923,,,1276420,34659954,913842,0,0,0
Report,3/5/2021,US,,,,,,,2435246,2079147,,,,N/A,N/A,N/A
Admin,3/6/2021,US,2047283,1350609,102854797,65783957,1467912,2378834,,,851286,35511240,921197,0,0,0
Report,3/6/2021,US,,,,,,,2904229,2158020,,,,N/A,N/A,N/A
Admin,3/7/2021,US,925560,681044,103780357,66465001,1487821,2389359,,,340608,35851848,928883,0,0,0
Report,3/7/2021,US,,,,,,,2439427,2159392,,,,N/A,N/A,N/A
Admin,3/8/2021,US,2152931,1485239,105933288,67950240,1530625,2410382,,,838086,36689934,938920,0,0,0
Report,3/8/2021,US,,,,,,,1738102,2169981,,,,N/A,N/A,N/A
Admin,3/9/2021,US,2701001,1813322,108634289,69763562,1579358,2446026,,,1069489,37759423,957692,0,0,0
Report,3/9/2021,US,,,,,,,1602746,2151571,,,,N/A,N/A,N/A
Admin,3/10/2021,US,3118528,2070049,111752817,71833611,1625610,2478403,,,1254071,39013494,978595,0,0,0
Report,3/10/2021,US,,,,,,,2028692,2168688,,,,N/A,N/A,N/A
Admin,3/11/2021,US,3433619,2287627,115186436,74121238,1671743,2513221,,,1379905,40393399,1001409,0,0,0
Report,3/11/2021,US,,,,,,,2482603,2233006,,,,N/A,N/A,N/A
Admin,3/12/2021,US,3416072,2126343,118602508,76247581,1687748,2542142,,,1502474,41895873,1033702,0,0,0
Report,3/12/2021,US,,,,,,,2924112,2302844,,,,N/A,N/A,N/A
Admin,3/13/2021,US,2191900,1397337,120794408,77644918,1694423,2562801,,,1009126,42904999,1056251,0,0,0
Report,3/13/2021,US,,,,,,,3234490,2350025,,,,N/A,N/A,N/A
Admin,3/14/2021,US,984492,651977,121778900,78296895,1690271,2571220,,,424485,43329484,1068233,0,0,0
Report,3/14/2021,US,,,,,,,2697779,2386932,,,,N/A,N/A,N/A
Admin,3/15/2021,US,2276941,1501774,124055841,79798669,1692633,2588936,,,858989,44188473,1071219,0,0,0
Report,3/15/2021,US,,,,,,,2021586,2427430,,,,N/A,N/A,N/A
Admin,3/16/2021,US,2878868,1933572,126934709,81732241,1709811,2614345,,,1033326,45221799,1066053,0,0,0
Report,3/16/2021,US,,,,,,,1655996,2435037,,,,N/A,N/A,N/A
Admin,3/17/2021,US,3158273,2133642,130092982,83865883,1718896,2620023,,,1110221,46332020,1045503,0,0,0
Report,3/17/2021,US,,,,,,,2299771,2473762,,,,N/A,N/A,N/A
Admin,3/18/2021,US,3403237,2306302,133496219,86172185,1721564,2615683,,,1189026,47521046,1018235,0,0,0
Report,3/18/2021,US,,,,,,,2692381,2503731,,,,N/A,N/A,N/A
Admin,3/19/2021,US,3329123,2223780,136825342,88395965,1735483,2603262,,,1199059,48720105,974890,0,0,0
Report,3/19/2021,US,,,,,,,2583810,2455116,,,,N/A,N/A,N/A
Admin,3/20/2021,US,2152786,1419279,138978128,89815244,1738618,2597674,,,848850,49568955,951993,0,0,0
Report,3/20/2021,US,,,,,,,3127679,2439857,,,,N/A,N/A,N/A
Admin,3/21/2021,US,1020486,688660,139998614,90503904,1743858,2602816,,,366298,49935253,943681,0,0,0
Report,3/21/2021,US,,,,,,,3039915,2488734,,,,N/A,N/A,N/A
Admin,3/22/2021,US,2356620,1611501,142355234,92115405,1759534,2614199,,,788190,50723443,933567,0,0,0
Report,3/22/2021,US,,,,,,,2028324,2489697,,,,N/A,N/A,N/A
Admin,3/23/2021,US,3054462,1991597,145409696,94107002,1767823,2639283,,,1127536,51850979,947025,0,0,0
Report,3/23/2021,US,,,,,,,1707293,2497025,,,,N/A,N/A,N/A
Admin,3/24/2021,US,3545103,2217898,148954799,96324900,1779860,2694545,,,1394553,53245532,987644,0,0,0
Report,3/24/2021,US,,,,,,,2256824,2490889,,,,N/A,N/A,N/A
Admin,3/25/2021,US,3821764,2277976,152776563,98602876,1775813,2754334,,,1613463,54858995,1048278,0,0,0
Report,3/25/2021,US,,,,,,,2831442,2510755,,,,N/A,N/A,N/A
Admin,3/26/2021,US,3818625,2120744,156595188,100723620,1761094,2824263,,,1764904,56623899,1129113,0,0,0
Report,3/26/2021,US,,,,,,,3379393,2624410,,,,N/A,N/A,N/A
Admin,3/27/2021,US,2463040,1380457,159058228,102104077,1755548,2868585,,,1143270,57767169,1171173,0,0,0
Report,3/27/2021,US,,,,,,,3496047,2677034,,,,N/A,N/A,N/A
Admin,3/28/2021,US,1206199,677642,160264427,102781719,1753974,2895116,,,540078,58307247,1195999,0,0,0
Report,3/28/2021,US,,,,,,,3281956,2711611,,,,N/A,N/A,N/A
Admin,3/29/2021,US,2828348,1617989,163092775,104399708,1754900,2962505,,,1249596,59556843,1261914,0,0,0
Report,3/29/2021,US,,,,,,,2350144,2757586,,,,N/A,N/A,N/A
Admin,3/30/2021,US,3579143,2022737,166671918,106422445,1759349,3037460,,,1628714,61185557,1333511,0,0,0
Report,3/30/2021,US,,,,,,,1789510,2769331,,,,N/A,N/A,N/A
Admin,3/31/2021,US,4152148,2415776,170824066,108838221,1787617,3124181,,,1908233,63093790,1406894,0,0,0
Report,3/31/2021,US,,,,,,,2670947,2828491,,,,N/A,N/A,N/A
Admin,4/1/2021,US,4504741,2521141,175328807,111359362,1822355,3221749,,,2194517,65288307,1489901,0,0,0
Report,4/1/2021,US,,,,,,,3358112,2903730,,,,N/A,N/A,N/A
Admin,4/2/2021,US,3641103,2065484,178969910,113424846,1814461,3196388,,,1782615,67070922,1492431,0,0,0
Report,4/2/2021,US,,,,,,,3975059,2988825,,,,N/A,N/A,N/A
Admin,4/3/2021,US,2295733,1328174,181265643,114753020,1806992,3172487,,,1143934,68214856,1492526,0,0,0
Report,4/3/2021,US,,,,,,,4081959,3072527,,,,N/A,N/A,N/A
Admin,4/4/2021,US,758795,436661,182024438,115189681,1772566,3108573,,,366733,68581589,1467763,0,0,0
Report,4/4/2021,US,,,,,,,3365324,3084436,,,,N/A,N/A,N/A
Admin,4/5/2021,US,3088838,1737877,185113276,116927558,1789693,3145785,,,1572901,70154490,1513949,0,0,0
Report,4/5/2021,US,,,,,,,2134049,3053566,,,,N/A,N/A,N/A
Admin,4/6/2021,US,3964460,2294537,189077736,119222095,1828521,3200831,,,2046936,72201426,1573695,0,0,0
Report,4/6/2021,US,,,,,,,1404280,2998533,,,,N/A,N/A,N/A
Admin,4/7/2021,US,4342829,2568795,193420565,121790890,1850381,3228071,,,2273595,74475021,1625890,0,0,0
Report,4/7/2021,US,,,,,,,2884580,3029052,,,,N/A,N/A,N/A
Admin,4/8/2021,US,4485357,2575407,197905922,124366297,1858134,3225302,,,2476284,76951305,1666142,0,0,0
Report,4/8/2021,US,,,,,,,3403061,3035473,,,,N/A,N/A,N/A
Admin,4/9/2021,US,4299284,2445434,202205206,126811731,1912412,3319328,,,2395318,79346623,1753671,0,0,0
Report,4/9/2021,US,,,,,,,3958065,3033045,,,,N/A,N/A,N/A
Admin,4/10/2021,US,2871735,1725838,205076941,128537569,1969221,3401614,,,1631073,80977696,1823262,0,0,0
Report,4/10/2021,US,,,,,,,4629928,3111327,,,,N/A,N/A,N/A
Admin,4/11/2021,US,1398990,838331,206475931,129375900,2026603,3493070,,,791360,81769056,1883923,0,0,0
Report,4/11/2021,US,,,,,,,3579422,3141912,,,,N/A,N/A,N/A
Admin,4/12/2021,US,2999404,1636368,209475335,131012268,2012101,3480294,,,1694000,83463056,1901223,0,0,0
Report,4/12/2021,US,,,,,,,2644914,3214893,,,,N/A,N/A,N/A
Admin,4/13/2021,US,3460492,1751193,212935827,132763461,1934481,3408298,,,1686095,85149151,1849675,0,0,0
Report,4/13/2021,US,,,,,,,2590736,3384387,,,,N/A,N/A,N/A
Admin,4/14/2021,US,3668222,1743090,216604049,134506551,1816523,3311926,,,1887643,87036794,1794539,0,0,0
Report,4/14/2021,US,,,,,,,2509055,3330740,,,,N/A,N/A,N/A
Admin,4/15/2021,US,3696282,1749349,220300331,136255900,1698515,3199201,,,1904967,88941761,1712922,0,0,0
Report,4/15/2021,US,,,,,,,3525204,3348189,,,,N/A,N/A,N/A
Admin,4/16/2021,US,3583894,1645940,223884225,137901840,1584301,3097002,,,1897144,90838905,1641754,0,0,0
Report,4/16/2021,US,,,,,,,3965883,3349306,,,,N/A,N/A,N/A
Admin,4/17/2021,US,2351884,1168214,226236109,139070054,1504641,3022738,,,1163006,92001911,1574887,0,0,0
Report,4/17/2021,US,,,,,,,3588990,3200601,,,,N/A,N/A,N/A
Admin,4/18/2021,US,1122171,540730,227358280,139610784,1462126,2983192,,,570338,92572249,1543313,0,0,0
Report,4/18/2021,US,,,,,,,3534901,3194240,,,,N/A,N/A,N/A
Admin,4/19/2021,US,2560037,1091097,229918317,140701881,1384230,2920426,,,1437194,94009443,1506626,0,0,0
Report,4/19/2021,US,,,,,,,2174495,3127038,,,,N/A,N/A,N/A
Admin,4/20/2021,US,3229765,1387373,233148082,142089254,1332256,2887465,,,1804526,95813969,1523545,0,0,0
Report,4/20/2021,US,,,,,,,1806929,3015065,,,,N/A,N/A,N/A
Admin,4/21/2021,US,3453460,1397604,236601542,143486858,1282901,2856784,,,2016399,97830368,1541939,0,0,0
Report,4/21/2021,US,,,,,,,2563671,3022868,,,,N/A,N/A,N/A
Admin,4/22/2021,US,3470691,1412603,240072233,144899461,1234794,2824557,,,2018749,99849117,1558193,0,0,0
Report,4/22/2021,US,,,,,,,2995734,2947229,,,,N/A,N/A,N/A
Admin,4/23/2021,US,3279379,1372014,243351612,146271475,1195662,2781055,,,1867698,101716815,1553987,0,0,0
Report,4/23/2021,US,,,,,,,3374587,2862758,,,,N/A,N/A,N/A
Admin,4/24/2021,US,2198270,1011254,245549882,147282729,1173239,2759110,,,1170582,102887397,1555069,0,0,0
Report,4/24/2021,US,,,,,,,3318230,2824078,,,,N/A,N/A,N/A
Admin,4/25/2021,US,990164,495628,246540046,147778357,1166796,2740252,,,488299,103375696,1543349,0,0,0
Report,4/25/2021,US,,,,,,,3020948,2750656,,,,N/A,N/A,N/A
Admin,4/26/2021,US,2371329,945422,248911375,148723779,1145985,2713294,,,1404330,104780026,1538654,0,0,0
Report,4/26/2021,US,,,,,,,2107046,2741021,,,,N/A,N/A,N/A
Admin,4/27/2021,US,2867547,1115213,251778922,149838992,1107105,2661548,,,1761619,106541645,1532525,0,0,0
Report,4/27/2021,US,,,,,,,1639215,2717062,,,,N/A,N/A,N/A
Admin,4/28/2021,US,3064432,1159502,254843354,150998494,1073091,2605973,,,1936395,108478040,1521096,0,0,0
Report,4/28/2021,US,,,,,,,2231745,2669644,,,,N/A,N/A,N/A
Admin,4/29/2021,US,3022085,1118338,257865439,152116832,1031053,2541886,,,1946577,110424617,1510785,0,0,0
Report,4/29/2021,US,,,,,,,2721079,2630407,,,,N/A,N/A,N/A
Admin,4/30/2021,US,2884717,1114290,260750156,153231122,994235,2485506,,,1816727,112241344,1503504,0,0,0
Report,4/30/2021,US,,,,,,,2799184,2548207,,,,N/A,N/A,N/A
Admin,5/1/2021,US,1815329,704609,262565485,153935731,950429,2430800,,,1141786,113383130,1499390,0,0,0
Report,5/1/2021,US,,,,,,,3303794,2546144,,,,N/A,N/A,N/A
Admin,5/2/2021,US,871867,327159,263437352,154262890,926362,2413900,,,575060,113958190,1511784,0,0,0
Report,5/2/2021,US,,,,,,,2127998,2418580,,,,N/A,N/A,N/A
Admin,5/3/2021,US,1956496,645037,265393848,154907927,883450,2354639,,,1383992,115342182,1508879,0,0,0
Report,5/3/2021,US,,,,,,,1188734,2287393,,,,N/A,N/A,N/A
Admin,5/4/2021,US,2496788,827206,267890636,155735133,842306,2301673,,,1733750,117075932,1504898,0,0,0
Report,5/4/2021,US,,,,,,,988846,2194483,,,,N/A,N/A,N/A
Admin,5/5/2021,US,2525932,822073,270416568,156557206,794102,2224744,,,1770326,118846258,1481174,0,0,0
Report,5/5/2021,US,,,,,,,1797771,2132487,,,,N/A,N/A,N/A
Admin,5/6/2021,US,2496434,789567,272913002,157346773,747134,2149651,,,1770970,120617228,1456087,0,0,0
Report,5/6/2021,US,,,,,,,2406932,2087608,,,,N/A,N/A,N/A
Admin,5/7/2021,US,2480863,799843,275393865,158146616,702213,2091958,,,1742309,122359537,1445456,0,0,0
Report,5/7/2021,US,,,,,,,2805581,2088522,,,,N/A,N/A,N/A
Admin,5/8/2021,US,1523710,510785,276917575,158657401,674524,2050298,,,1066675,123426212,1434726,0,0,0
Report,5/8/2021,US,,,,,,,2567872,1983391,,,,N/A,N/A,N/A
Admin,5/9/2021,US,611422,207789,277528997,158865190,657471,2013092,,,429855,123856067,1413982,0,0,0
Report,5/9/2021,US,,,,,,,2369784,2017931,,,,N/A,N/A,N/A
Admin,5/10/2021,US,1588648,492319,279117645,159357509,635655,1960542,,,1143773,124999840,1379665,0,0,0
Report,5/10/2021,US,,,,,,,1882392,2117025,,,,N/A,N/A,N/A
Admin,5/11/2021,US,2029888,667503,281147533,160025012,612840,1893842,,,1417464,126417304,1334481,0,0,0
Report,5/11/2021,US,,,,,,,1533180,2194787,,,,N/A,N/A,N/A
Admin,5/12/2021,US,2001686,655181,283149219,160680193,588998,1818950,,,1407045,127824349,1282584,0,0,0
Report,5/12/2021,US,,,,,,,1548283,2159146,,,,N/A,N/A,N/A
Admin,5/13/2021,US,2260957,939657,285410176,161619850,610440,1785310,,,1372571,129196920,1225670,0,0,0
Report,5/13/2021,US,,,,,,,1915642,2088962,,,,N/A,N/A,N/A
Admin,5/14/2021,US,2436067,1097462,287846243,162717312,652957,1778911,,,1404546,130601466,1177418,0,0,0
Report,5/14/2021,US,,,,,,,1842180,1951333,,,,N/A,N/A,N/A
Admin,5/15/2021,US,1833643,911134,289679886,163628446,710149,1823187,,,972841,131574307,1164013,0,0,0
Report,5/15/2021,US,,,,,,,2393676,1926448,,,,N/A,N/A,N/A
Admin,5/16/2021,US,927336,479362,290607222,164107808,748945,1868317,,,477684,132051991,1170846,0,0,0
Report,5/16/2021,US,,,,,,,2093069,1886917,,,,N/A,N/A,N/A
Admin,5/17/2021,US,1809761,892465,292416983,165000273,806109,1899905,,,987555,133039546,1148529,0,0,0
Report,5/17/2021,US,,,,,,,1486490,1830360,,,,N/A,N/A,N/A
Admin,5/18/2021,US,2059155,995109,294476138,165995382,852910,1904086,,,1138599,134178145,1108691,0,0,0
Report,5/18/2021,US,,,,,,,1123306,1771807,,,,N/A,N/A,N/A
Admin,5/19/2021,US,2073752,988876,296549890,166984258,900581,1914381,,,1156444,135334589,1072891,0,0,0
Report,5/19/2021,US,,,,,,,1754966,1801333,,,,N/A,N/A,N/A
Admin,5/20/2021,US,2002393,924865,298552283,167909123,898468,1877443,,,1148408,136482997,1040868,0,0,0
Report,5/20/2021,US,,,,,,,2107077,1828681,,,,N/A,N/A,N/A
Admin,5/21/2021,US,2042537,936673,300594820,168845796,875498,1821225,,,1173263,137656260,1007827,0,0,0
Report,5/21/2021,US,,,,,,,2198101,1879526,,,,N/A,N/A,N/A
Admin,5/22/2021,US,1437927,732286,302032747,169578082,849948,1764694,,,755015,138411275,976709,0,0,0
Report,5/22/2021,US,,,,,,,2345872,1872697,,,,N/A,N/A,N/A
Admin,5/23/2021,US,653743,339912,302686490,169917994,830027,1725609,,,339605,138750880,956984,0,0,0
Report,5/23/2021,US,,,,,,,1779363,1827882,,,,N/A,N/A,N/A
Admin,5/24/2021,US,1308232,634852,303994722,170552846,793225,1653962,,,733422,139484302,920679,0,0,0
Report,5/24/2021,US,,,,,,,1170314,1782714,,,,N/A,N/A,N/A
Admin,5/25/2021,US,1424498,667712,305419220,171220558,746454,1563297,,,818661,140302963,874974,0,0,0
Report,5/25/2021,US,,,,,,,897972,1750524,,,,N/A,N/A,N/A
Admin,5/26/2021,US,1419670,660519,306838890,171881077,699546,1469857,,,815959,141118922,826333,0,0,0
Report,5/26/2021,US,,,,,,,1423432,1703162,,,,N/A,N/A,N/A
Admin,5/27/2021,US,1332381,615810,308171271,172496887,655395,1374141,,,773602,141892524,772789,0,0,0
Report,5/27/2021,US,,,,,,,1512303,1618194,,,,N/A,N/A,N/A
Admin,5/28/2021,US,1313383,605041,309484654,173101928,608019,1269976,,,764696,142657220,714422,0,0,0
Report,5/28/2021,US,,,,,,,1375171,1500632,,,,N/A,N/A,N/A
Admin,5/29/2021,US,757847,381101,310242501,173483029,557850,1172822,,,410789,143068009,665247,0,0,0
Report,5/29/2021,US,,,,,,,1605272,1394832,,,,N/A,N/A,N/A
Admin,5/30/2021,US,380093,201207,310622594,173684236,538035,1133729,,,199407,143267416,645219,0,0,0
Report,5/30/2021,US,,,,,,,1223800,1315466,,,,N/A,N/A,N/A
Admin,5/31/2021,US,197153,88244,310819747,173772480,459948,975003,,,118305,143385721,557345,0,0,0
Report,5/31/2021,US,,,,,,,962475,1285775,,,,N/A,N/A,N/A
Admin,6/1/2021,US,1242752,524073,312062499,174296553,439428,949039,,,761020,144146741,549111,0,0,0
Report,6/1/2021,US,,,,,,,512915,1230767,,,,N/A,N/A,N/A
Admin,6/2/2021,US,1104682,494888,313167181,174791441,415766,904041,,,662361,144809102,527168,0,0,0
Report,6/2/2021,US,,,,,,,508652,1100084,,,,N/A,N/A,N/A
Admin,6/3/2021,US,1233657,465927,314400838,175257368,394354,889938,,,816582,145625684,533308,0,0,0
Report,6/3/2021,US,,,,,,,808036,999474,,,,N/A,N/A,N/A
Admin,6/4/2021,US,1386122,504569,315786960,175761937,380001,900329,,,929989,146555673,556921,0,0,0
Report,6/4/2021,US,,,,,,,1399594,1002963,,,,N/A,N/A,N/A
Admin,6/5/2021,US,1058333,355099,316845293,176117036,376287,943256,,,732546,147288219,602887,0,0,0
Report,6/5/2021,US,,,,,,,1148208,937669,,,,N/A,N/A,N/A
Admin,6/6/2021,US,508935,172742,317354228,176289778,372220,961662,,,352277,147640496,624725,0,0,0
Report,6/6/2021,US,,,,,,,1369848,958533,,,,N/A,N/A,N/A
Admin,6/7/2021,US,1056873,373225,318411101,176663003,412932,1084479,,,720394,148360890,710738,0,0,0
Report,6/7/2021,US,,,,,,,1213339,994370,,,,N/A,N/A,N/A
Admin,6/8/2021,US,1161971,405545,319573072,177068548,395999,1072939,,,797306,149158196,715922,0,0,0
Report,6/8/2021,US,,,,,,,1071750,1074204,,,,N/A,N/A,N/A
Admin,6/9/2021,US,1153075,393379,320726147,177461927,381498,1079852,,,801137,149959333,735747,0,0,0
Report,6/9/2021,US,,,,,,,829809,1120083,,,,N/A,N/A,N/A
Admin,6/10/2021,US,1156244,406793,321882391,177868720,373050,1068793,,,791632,150750965,732183,0,0,0
Report,6/10/2021,US,,,,,,,934142,1138099,,,,N/A,N/A,N/A
Admin,6/11/2021,US,1218964,429442,323101355,178298162,362318,1044913,,,830998,151581963,718041,0,0,0
Report,6/11/2021,US,,,,,,,822177,1055610,,,,N/A,N/A,N/A
Admin,6/12/2021,US,884932,282062,323986287,178580224,351884,1020142,,,627308,152209271,703007,0,0,0
Report,6/12/2021,US,,,,,,,1602933,1120571,,,,N/A,N/A,N/A
Admin,6/13/2021,US,387908,113623,324374195,178693847,343438,1002852,,,289258,152498529,694004,0,0,0
Report,6/13/2021,US,,,,,,,1209817,1097710,,,,N/A,N/A,N/A
Admin,6/14/2021,US,901011,332277,325275206,179026124,337589,980586,,,602757,153101286,677199,0,0,0
Report,6/14/2021,US,,,,,,,1323282,1113416,,,,N/A,N/A,N/A
Admin,6/15/2021,US,966665,361848,326241871,179387972,331346,952685,,,642657,153743943,655106,0,0,0
Report,6/15/2021,US,,,,,,,1240847,1137572,,,,N/A,N/A,N/A
Admin,6/16/2021,US,933896,359118,327175767,179747090,326452,921374,,,614603,154358546,628459,0,0,0
Report,6/16/2021,US,,,,,,,1028496,1165956,,,,N/A,N/A,N/A
Admin,6/17/2021,US,882586,351644,328058353,180098734,318573,882280,,,573513,154932059,597299,0,0,0
Report,6/17/2021,US,,,,,,,2054216,1325967,,,,N/A,N/A,N/A
Admin,6/18/2021,US,910645,369302,328968998,180468036,309982,838234,,,579744,155511803,561405,0,0,0
Report,6/18/2021,US,,,,,,,1079390,1362712,,,,N/A,N/A,N/A
Admin,6/19/2021,US,569449,231584,329538447,180699620,302771,793165,,,360940,155872743,523353,0,0,0
Report,6/19/2021,US,,,,,,,1069021,1286438,,,,N/A,N/A,N/A
Admin,6/20/2021,US,272827,111845,329811274,180811465,302517,776725,,,171564,156044307,506539,0,0,0
Report,6/20/2021,US,,,,,,,848611,1234838,,,,N/A,N/A,N/A
Admin,6/21/2021,US,553001,300937,330364275,181112402,298040,727009,,,283346,156327653,460909,0,0,0
Report,6/21/2021,US,,,,,,,610033,1132945,,,,N/A,N/A,N/A
Admin,6/22/2021,US,747280,324767,331111555,181437169,292742,695669,,,455955,156783608,434237,0,0,0
Report,6/22/2021,US,,,,,,,647403,1048167,,,,N/A,N/A,N/A
Admin,6/23/2021,US,727534,330795,331839089,181767964,288696,666188,,,428795,157212403,407693,0,0,0
Report,6/23/2021,US,,,,,,,648209,993840,,,,N/A,N/A,N/A
Admin,6/24/2021,US,692253,319759,332531342,182087723,284141,638998,,,405489,157617892,383690,0,0,0
Report,6/24/2021,US,,,,,,,815152,816831,,,,N/A,N/A,N/A
Admin,6/25/2021,US,757813,351379,333289155,182439102,281581,617165,,,436850,158054742,363277,0,0,0
Report,6/25/2021,US,,,,,,,512174,735800,,,,N/A,N/A,N/A
Admin,6/26/2021,US,493775,225634,333782930,182664736,280731,606354,,,287375,158342117,352767,0,0,0
Report,6/26/2021,US,,,,,,,923724,715044,,,,N/A,N/A,N/A
Admin,6/27/2021,US,264261,127028,334047191,182791764,282900,605131,,,146415,158488532,349175,0,0,0
Report,6/27/2021,US,,,,,,,1204225,765846,,,,N/A,N/A,N/A
Admin,6/28/2021,US,546614,275609,334593805,183067373,279282,604218,,,295802,158784334,350954,0,0,0
Report,6/28/2021,US,,,,,,,1087043,833990,,,,N/A,N/A,N/A
Admin,6/29/2021,US,621165,298096,335214970,183365469,275471,586202,,,347611,159131945,335476,0,0,0
Report,6/29/2021,US,,,,,,,738476,847000,,,,N/A,N/A,N/A
Admin,6/30/2021,US,623780,307965,335838750,183673434,272210,571380,,,341723,159473668,323037,0,0,0
Report,6/30/2021,US,,,,,,,1368679,949925,,,,N/A,N/A,N/A
Admin,7/1/2021,US,590944,289748,336429694,183963182,267923,556907,,,322566,159796234,311191,0,0,0
Report,7/1/2021,US,,,,,,,1630778,1066443,,,,N/A,N/A,N/A
Admin,7/2/2021,US,612648,305852,337042342,184269034,261419,536169,,,331162,160127396,296093,0,0,0
Report,7/2/2021,US,,,,,,,657166,1087156,,,,N/A,N/A,N/A
Admin,7/3/2021,US,351550,179353,337393892,184448387,254807,515851,,,183746,160311142,281289,0,0,0
Report,7/3/2021,US,,,,,,,1161081,1121064,,,,N/A,N/A,N/A
Admin,7/4/2021,US,49362,27430,337443254,184475817,240579,485151,,,26367,160337509,264139,0,0,0
Report,7/4/2021,US,,,,,,,633702,1039561,,,,N/A,N/A,N/A
Admin,7/5/2021,US,391137,200581,337834391,184676398,229861,462940,,,202435,160539944,250801,0,0,0
Report,7/5/2021,US,,,,,,,390686,940081,,,,N/A,N/A,N/A
Admin,7/6/2021,US,576422,274362,338410813,184950760,226470,456549,,,325748,160865692,247678,0,0,0
Report,7/6/2021,US,,,,,,,219408,865929,,,,N/A,N/A,N/A
Admin,7/7/2021,US,562574,281726,338973387,185232486,222722,447805,,,306985,161172677,242715,0,0,0
Report,7/7/2021,US,,,,,,,437117,732848,,,,N/A,N/A,N/A
Admin,7/8/2021,US,558517,288531,339531904,185521017,222548,443172,,,298474,161471151,239273,0,0,0
Report,7/8/2021,US,,,,,,,694333,599070,,,,N/A,N/A,N/A
Admin,7/9/2021,US,624549,321537,340156453,185842554,224789,444873,,,332199,161803350,239422,0,0,0
Report,7/9/2021,US,,,,,,,620612,593848,,,,N/A,N/A,N/A
Admin,7/10/2021,US,396093,210906,340552546,186053460,229296,451236,,,200792,162004142,241857,0,0,0
Report,7/10/2021,US,,,,,,,598995,513550,,,,N/A,N/A,N/A
Admin,7/11/2021,US,213815,116153,340766361,186169613,241971,474729,,,104713,162108855,253049,0,0,0
Report,7/11/2021,US,,,,,,,586244,506771,,,,N/A,N/A,N/A
Admin,7/12/2021,US,512618,273847,341278979,186443460,252437,492084,,,262144,162370999,261579,0,0,0
Report,7/12/2021,US,,,,,,,449122,515119,,,,N/A,N/A,N/A
Admin,7/13/2021,US,520360,280521,341799339,186723981,253317,484075,,,259859,162630858,252166,0,0,0
Report,7/13/2021,US,,,,,,,341466,532556,,,,N/A,N/A,N/A
Admin,7/14/2021,US,523596,282462,342322935,187006443,253422,478506,,,260678,162891536,245551,0,0,0
Report,7/14/2021,US,,,,,,,545543,548045,,,,N/A,N/A,N/A
Admin,7/15/2021,US,533653,296558,342856588,187303001,254569,474954,,,256257,163147793,239520,0,0,0
Report,7/15/2021,US,,,,,,,567174,529879,,,,N/A,N/A,N/A
Admin,7/16/2021,US,617255,346109,343473843,187649110,258079,473912,,,289603,163437396,233435,0,0,0
Report,7/16/2021,US,,,,,,,549205,519678,,,,N/A,N/A,N/A
Admin,7/17/2021,US,395369,223041,343869212,187872151,259813,473809,,,183527,163620923,230968,0,0,0
Report,7/17/2021,US,,,,,,,635290,524863,,,,N/A,N/A,N/A
Admin,7/18/2021,US,231443,135099,344100655,188007250,262520,476327,,,102241,163723164,230615,0,0,0
Report,7/18/2021,US,,,,,,,500910,512673,,,,N/A,N/A,N/A
Admin,7/19/2021,US,561780,338898,344662435,188346148,271813,483350,,,241521,163964685,227669,0,0,0
Report,7/19/2021,US,,,,,,,507076,520952,,,,N/A,N/A,N/A
Admin,7/20/2021,US,597356,371032,345259791,188717180,284743,494350,,,246609,164211294,225776,0,0,0
Report,7/20/2021,US,,,,,,,243940,507020,,,,N/A,N/A,N/A
Admin,7/21/2021,US,622510,384970,345882301,189102150,299387,508480,,,256702,164467996,225208,0,0,0
Report,7/21/2021,US,,,,,,,611493,516441,,,,N/A,N/A,N/A
Admin,7/22/2021,US,641852,414607,346524153,189516757,316251,523937,,,247136,164715132,223905,0,0,0
Report,7/22/2021,US,,,,,,,660898,529830,,,,N/A,N/A,N/A
Admin,7/23/2021,US,738459,485469,347262612,190002226,336159,541252,,,275373,164990505,221872,0,0,0
Report,7/23/2021,US,,,,,,,600157,537109,,,,N/A,N/A,N/A
Admin,7/24/2021,US,458287,300418,347720899,190302644,347213,550241,,,168614,165159119,219742,0,0,0
Report,7/24/2021,US,,,,,,,676050,542932,,,,N/A,N/A,N/A
Admin,7/25/2021,US,256571,200835,347977470,190503479,356604,553830,,,60756,165219875,213815,0,0,0
Report,7/25/2021,US,,,,,,,778996,582659,,,,N/A,N/A,N/A
Admin,7/26/2021,US,635560,444160,348613030,190947639,371642,564370,,,212879,165432754,209724,0,0,0
Report,7/26/2021,US,,,,,,,393083,566374,,,,N/A,N/A,N/A
Admin,7/27/2021,US,692651,477133,349305681,191424772,386799,577984,,,241480,165674234,208991,0,0,0
Report,7/27/2021,US,,,,,,,395489,588024,,,,N/A,N/A,N/A
Admin,7/28/2021,US,710316,486838,350015997,191911610,401351,590528,,,249220,165923454,207922,0,0,0
Report,7/28/2021,US,,,,,,,753984,608380,,,,N/A,N/A,N/A
Admin,7/29/2021,US,710112,493180,350726109,192404790,412576,600279,,,242859,166166313,207311,0,0,0
Report,7/29/2021,US,,,,,,,710071,615404,,,,N/A,N/A,N/A
Admin,7/30/2021,US,821771,568547,351547880,192973337,424444,612181,,,280638,166446951,208063,0,0,0
Report,7/30/2021,US,,,,,,,856919,652085,,,,N/A,N/A,N/A
Admin,7/31/2021,US,507040,343210,352054920,193316547,430558,619145,,,174698,166621649,208932,0,0,0
Report,7/31/2021,US,,,,,,,711952,657213,,,,N/A,N/A,N/A
Admin,8/1/2021,US,313622,220073,352368542,193536620,433306,627296,,,94333,166715982,213729,0,0,0
Report,8/1/2021,US,,,,,,,816203,662529,,,,N/A,N/A,N/A
Admin,8/2/2021,US,708114,500000,353076656,194036620,441283,637660,,,229551,166945533,216111,0,0,0
Report,8/2/2021,US,,,,,,,467676,673185,,,,N/A,N/A,N/A
Admin,8/3/2021,US,751467,532178,353828123,194568798,449147,646063,,,245936,167191469,216747,0,0,0
Report,8/3/2021,US,,,,,,,452804,681373,,,,N/A,N/A,N/A
Admin,8/4/2021,US,766264,546156,354594387,195114954,457621,654055,,,247413,167438882,216489,0,0,0
Report,8/4/2021,US,,,,,,,725329,677279,,,,N/A,N/A,N/A
Admin,8/5/2021,US,780874,553497,355375261,195668451,466237,664164,,,256686,167695568,218465,0,0,0
Report,8/5/2021,US,,,,,,,863941,699261,,,,N/A,N/A,N/A
Admin,8/6/2021,US,893945,619027,356269206,196287478,473449,674475,,,301921,167997489,221505,0,0,0
Report,8/6/2021,US,,,,,,,821060,694138,,,,N/A,N/A,N/A
Admin,8/7/2021,US,550432,378440,356819638,196665918,478482,680674,,,184182,168181671,222860,0,0,0
Report,8/7/2021,US,,,,,,,839709,712389,,,,N/A,N/A,N/A
Admin,8/8/2021,US,344306,234686,357163944,196900604,480569,685057,,,114088,168295759,225682,0,0,0
Report,8/8/2021,US,,,,,,,773742,706323,,,,N/A,N/A,N/A
Admin,8/9/2021,US,771127,515180,357935071,197415784,482738,694059,,,278832,168574591,232722,0,0,0
Report,8/9/2021,US,,,,,,,532245,715547,,,,N/A,N/A,N/A
Admin,8/10/2021,US,787754,524707,358722825,197940491,481670,699243,,,286386,168860977,238501,0,0,0
Report,8/10/2021,US,,,,,,,617769,739114,,,,N/A,N/A,N/A
Admin,8/11/2021,US,756777,493117,359479602,198433608,474093,697887,,,287642,169148619,244248,0,0,0
Report,8/11/2021,US,,,,,,,654600,729009,,,,N/A,N/A,N/A
Admin,8/12/2021,US,790898,508165,360270500,198941773,467617,699319,,,305141,169453760,251170,0,0,0
Report,8/12/2021,US,,,,,,,654350,699068,,,,N/A,N/A,N/A
Admin,8/13/2021,US,933668,575212,361204168,199516985,461358,704994,,,379069,169832829,262191,12224,12224,1746
Report,8/13/2021,US,,,,,,,918056,712924,,,,N/A,N/A,N/A
Admin,8/14/2021,US,615960,360502,361820128,199877487,458796,714355,,,236170,170068999,269618,33426,45650,6521
Report,8/14/2021,US,,,,,,,990875,734520,,,,N/A,N/A,N/A
Admin,8/15/2021,US,392621,210561,362212749,200088048,455349,721257,,,157495,170226494,275819,30443,76093,10870
Report,8/15/2021,US,,,,,,,664840,718962,,,,N/A,N/A,N/A
Admin,8/16/2021,US,857103,462679,363069852,200550727,447849,733540,,,345365,170571859,285324,75139,151232,21605
Report,8/16/2021,US,,,,,,,858392,765555,,,,N/A,N/A,N/A
Admin,8/17/2021,US,908022,488167,363977874,201038894,442629,750721,,,354010,170925869,294984,93233,244465,34924
Report,8/17/2021,US,,,,,,,602938,763436,,,,N/A,N/A,N/A
Admin,8/18/2021,US,935546,485037,364913420,201523931,441475,776259,,,368263,171294132,306501,109557,354022,50575
Report,8/18/2021,US,,,,,,,704840,770613,,,,N/A,N/A,N/A
Admin,8/19/2021,US,927542,477736,365840962,202001667,437128,795780,,,370537,171664669,315844,107566,461588,65941
Report,8/19/2021,US,,,,,,,1023545,823355,,,,N/A,N/A,N/A
Admin,8/20/2021,US,1085964,535198,366926926,202536865,431411,817536,,,464132,172128801,327996,114045,575633,80487
Report,8/20/2021,US,,,,,,,1010907,836620,,,,N/A,N/A,N/A
Admin,8/21/2021,US,653258,319637,367580184,202856502,425574,822865,,,288191,172416992,335427,57362,632995,83906
Report,8/21/2021,US,,,,,,,1050277,845106,,,,N/A,N/A,N/A
Admin,8/22/2021,US,382287,182677,367962471,203039179,421590,821388,,,174068,172591060,337795,29346,662341,83750
Report,8/22/2021,US,,,,,,,973207,889158,,,,N/A,N/A,N/A
Admin,8/23/2021,US,903073,439247,368865544,203478426,418243,827956,,,393476,172984536,344668,91086,753427,86028
Report,8/23/2021,US,,,,,,,610018,853676,,,,N/A,N/A,N/A
Admin,8/24/2021,US,931810,459005,369797354,203937431,414077,831354,,,402223,173386759,351555,93946,847373,86130
Report,8/24/2021,US,,,,,,,648003,860114,,,,N/A,N/A,N/A
Admin,8/25/2021,US,947289,466294,370744643,204403725,411399,833031,,,409252,173796011,357411,96845,944218,84314
Report,8/25/2021,US,,,,,,,926909,891838,,,,N/A,N/A,N/A
Admin,8/26/2021,US,968919,471926,371713562,204875651,410569,838942,,,418215,174214226,364222,103851,1048069,83783
Report,8/26/2021,US,,,,,,,924973,877756,,,,N/A,N/A,N/A
Admin,8/27/2021,US,1145397,529904,372858959,205405555,409813,847433,,,521134,174735360,372365,118482,1166551,84417
Report,8/27/2021,US,,,,,,,1070810,886314,,,,N/A,N/A,N/A
Admin,8/28/2021,US,697604,316865,373556563,205722420,409417,853768,,,330071,175065431,378348,60135,1226686,84813
Report,8/28/2021,US,,,,,,,1073386,889615,,,,N/A,N/A,N/A
Admin,8/29/2021,US,421493,192197,373978056,205914617,410777,859369,,,199299,175264730,381952,33115,1259801,85351
Report,8/29/2021,US,,,,,,,951864,886566,,,,N/A,N/A,N/A
Admin,8/30/2021,US,904861,413703,374882917,206328320,407128,859624,,,416811,175681541,385286,93241,1353042,85659
Report,8/30/2021,US,,,,,,,693177,898446,,,,N/A,N/A,N/A
Admin,8/31/2021,US,904542,414773,375787459,206743093,400809,855729,,,407340,176088881,386017,101550,1454592,86746
Report,8/31/2021,US,,,,,,,655116,899462,,,,N/A,N/A,N/A
Admin,9/1/2021,US,897686,419265,376685145,207162358,394090,848643,,,392425,176481306,383613,106489,1561081,88123
Report,9/1/2021,US,,,,,,,1068102,919633,,,,N/A,N/A,N/A
Admin,9/2/2021,US,872569,398551,377557714,207560909,383608,834878,,,386675,176867981,379107,106630,1667711,88520
Report,9/2/2021,US,,,,,,,836488,906992,,,,N/A,N/A,N/A
Admin,9/3/2021,US,1014973,449258,378572687,208010167,372087,816246,,,473211,177341192,372261,111108,1778819,87467
Report,9/3/2021,US,,,,,,,1400192,954046,,,,N/A,N/A,N/A
Admin,9/4/2021,US,547559,243649,379120246,208253816,361628,794811,,,268455,177609647,363459,41267,1820086,84771
Report,9/4/2021,US,,,,,,,972115,939579,,,,N/A,N/A,N/A
Admin,9/5/2021,US,357940,166511,379478186,208420327,357959,785732,,,167655,177777302,358938,25287,1845373,83653
Report,9/5/2021,US,,,,,,,599430,889231,,,,N/A,N/A,N/A
Admin,9/6/2021,US,170398,80510,379648584,208500837,310360,680809,,,82791,177860093,311221,9935,1855308,71752
Report,9/6/2021,US,,,,,,,404549,847999,,,,N/A,N/A,N/A
Admin,9/7/2021,US,886828,350905,380535412,208851742,301236,678279,,,464075,178324168,319326,86045,1941353,69537
Report,9/7/2021,US,,,,,,,502475,826193,,,,N/A,N/A,N/A
Admin,9/8/2021,US,823499,363275,381358911,209215017,293237,667680,,,387994,178712162,318693,89261,2030614,67076
Report,9/8/2021,US,,,,,,,959754,810715,,,,N/A,N/A,N/A
Admin,9/9/2021,US,823736,368293,382182647,209583310,288914,660704,,,382816,179094978,318142,90712,2121326,64802
Report,9/9/2021,US,,,,,,,666933,786493,,,,N/A,N/A,N/A
Admin,9/10/2021,US,1006713,444685,383189360,210027995,288261,659524,,,482775,179577753,319508,99548,2220874,63151
Report,9/10/2021,US,,,,,,,947652,721844,,,,N/A,N/A,N/A
Admin,9/11/2021,US,582581,255855,383771941,210283850,290005,664527,,,289427,179867180,322504,45422,2266296,63744
Report,9/11/2021,US,,,,,,,902503,711899,,,,N/A,N/A,N/A
Admin,9/12/2021,US,340912,154902,384112853,210438752,288346,662095,,,167420,180034600,322471,20785,2287081,63101
Report,9/12/2021,US,,,,,,,769683,736221,,,,N/A,N/A,N/A
Admin,9/13/2021,US,758049,331798,384870902,210770550,324245,746045,,,370290,180404890,363542,70167,2357248,71706
Report,9/13/2021,US,,,,,,,589822,762689,,,,N/A,N/A,N/A
Admin,9/14/2021,US,729723,312502,385600625,211083052,318759,723601,,,365273,180770163,349427,68974,2426222,69267
Report,9/14/2021,US,,,,,,,621540,779698,,,,N/A,N/A,N/A
Admin,9/15/2021,US,737479,308353,386338104,211391405,310913,711313,,,375412,181145575,347630,70449,2496671,66580
Report,9/15/2021,US,,,,,,,841530,762809,,,,N/A,N/A,N/A
Admin,9/16/2021,US,738157,307119,387076261,211698524,302173,699087,,,377715,181523290,346901,71615,2568286,63851
Report,9/16/2021,US,,,,,,,743608,773763,,,,N/A,N/A,N/A
Admin,9/17/2021,US,876995,347295,387953256,212045819,288261,680556,,,463750,181987040,344183,83505,2651791,61560
Report,9/17/2021,US,,,,,,,956474,775023,,,,N/A,N/A,N/A
Admin,9/18/2021,US,506901,202558,388460157,212248377,280647,669745,,,266063,182253103,340846,44917,2696708,61487
Report,9/18/2021,US,,,,,,,916413,777010,,,,N/A,N/A,N/A
Admin,9/19/2021,US,296511,117944,388756668,212366321,275367,663402,,,158957,182412060,339637,21202,2717910,61547
Report,9/19/2021,US,,,,,,,674722,763444,,,,N/A,N/A,N/A
Admin,9/20/2021,US,667000,263100,389423668,212629421,265553,650395,,,337869,182749929,335005,79304,2797214,62852
Report,9/20/2021,US,,,,,,,651869,772308,,,,N/A,N/A,N/A
Admin,9/21/2021,US,654282,259379,390077950,212888800,257964,639617,,,328458,183078387,329746,82589,2879803,64797
Report,9/21/2021,US,,,,,,,542935,761079,,,,N/A,N/A,N/A
Admin,9/22/2021,US,644799,252472,390722749,213141272,249981,626377,,,322680,183401067,322213,79731,2959534,66123
Report,9/22/2021,US,,,,,,,712900,742703,,,,N/A,N/A,N/A
Admin,9/23/2021,US,653952,254196,391376701,213395468,242421,614348,,,315045,183716112,313260,95920,3055454,69595
Report,9/23/2021,US,,,,,,,327988,683329,,,,N/A,N/A,N/A
Admin,9/24/2021,US,952262,323364,392328963,213718832,239002,625101,,,396523,184112635,303656,242999,3298453,92380
Report,9/24/2021,US,,,,,,,745405,653176,,,,N/A,N/A,N/A
Admin,9/25/2021,US,651866,208648,392980829,213927480,239872,645810,,,219812,184332447,297049,227048,3525501,118399
Report,9/25/2021,US,,,,,,,805580,637343,,,,N/A,N/A,N/A
Admin,9/26/2021,US,394368,122599,393375197,214050079,240537,659789,,,139064,184471511,294207,133301,3658802,134413
Report,9/26/2021,US,,,,,,,741639,646902,,,,N/A,N/A,N/A
Admin,9/27/2021,US,987188,306967,394362385,214357046,246804,705531,,,212602,184684113,276312,476073,4134875,191094
Report,9/27/2021,US,,,,,,,550595,632435,,,,N/A,N/A,N/A
Admin,9/28/2021,US,1082913,299727,395445298,214656773,252568,766764,,,290687,184974800,270916,501340,4636215,250916
Report,9/28/2021,US,,,,,,,487651,624537,,,,N/A,N/A,N/A
Admin,9/29/2021,US,1085202,294900,396530500,214951673,258629,829678,,,297314,185272114,267292,502470,5138685,311307
Report,9/29/2021,US,,,,,,,840088,642707,,,,N/A,N/A,N/A
Admin,9/30/2021,US,1103333,296056,397633833,215247729,264609,893876,,,302442,185574556,265492,514556,5653241,371112
Report,9/30/2021,US,,,,,,,917333,726899,,,,N/A,N/A,N/A
Admin,10/1/2021,US,1212550,318777,398846383,215566506,263953,931060,,,355435,185929991,259622,546683,6199924,414496
Report,10/1/2021,US,,,,,,,846871,741394,,,,N/A,N/A,N/A
Admin,10/2/2021,US,601857,175797,399448240,215742303,259260,923915,,,196970,186126961,256359,233050,6432974,415353
Report,10/2/2021,US,,,,,,,933417,759656,,,,N/A,N/A,N/A
Admin,10/3/2021,US,349591,107679,399797831,215849982,257129,917519,,,123681,186250642,254161,118964,6551938,413305
Report,10/3/2021,US,,,,,,,1244542,831500,,,,N/A,N/A,N/A
Admin,10/4/2021,US,931792,253928,400729623,216103910,249552,909605,,,241561,186492203,258298,443485,6995423,408650
Report,10/4/2021,US,,,,,,,984739,893520,,,,N/A,N/A,N/A
Admin,10/5/2021,US,961275,249995,401690898,216353905,242447,892228,,,243126,186735329,251504,476927,7472350,405162
Report,10/5/2021,US,,,,,,,798491,937926,,,,N/A,N/A,N/A
Admin,10/6/2021,US,970025,252191,402660923,216606096,236346,875774,,,244349,186979678,243937,481953,7954303,402231
Report,10/6/2021,US,,,,,,,957359,954679,,,,N/A,N/A,N/A
Admin,10/7/2021,US,944077,252198,403605000,216858294,230081,853023,,,239055,187218733,234882,462254,8416557,394759
Report,10/7/2021,US,,,,,,,877030,948921,,,,N/A,N/A,N/A
Admin,10/8/2021,US,1075943,287554,404680943,217145848,225620,833508,,,293474,187512207,226030,504799,8921356,388776
Report,10/8/2021,US,,,,,,,1116978,987508,,,,N/A,N/A,N/A
Admin,10/9/2021,US,510772,149437,405191715,217295285,221855,820496,,,159794,187672001,220720,205987,9127343,384910
Report,10/9/2021,US,,,,,,,1149818,1018422,,,,N/A,N/A,N/A
Admin,10/10/2021,US,298329,94435,405490044,217389720,219963,813173,,,99136,187771137,217213,105831,9233174,383034
Report,10/10/2021,US,,,,,,,768209,950375,,,,N/A,N/A,N/A
Admin,10/11/2021,US,807053,229995,406297097,217619715,216544,795353,,,209795,187980932,212675,376134,9609308,373412
Report,10/11/2021,US,,,,,,,486392,879182,,,,N/A,N/A,N/A
Admin,10/12/2021,US,866425,232374,407163522,217852089,214026,781803,,,219646,188200578,209321,423611,10032919,365796
Report,10/12/2021,US,,,,,,,502985,836967,,,,N/A,N/A,N/A
Admin,10/13/2021,US,841913,228416,408005435,218080505,210630,763501,,,214568,188415146,205066,409372,10442291,355427
Report,10/13/2021,US,,,,,,,794421,813690,,,,N/A,N/A,N/A
Admin,10/14/2021,US,849530,227842,408854965,218308347,207150,749995,,,213679,188628825,201441,418483,10860774,349174
Report,10/14/2021,US,,,,,,,1073311,841731,,,,N/A,N/A,N/A
Admin,10/15/2021,US,974742,262524,409829707,218570871,203575,735537,,,260920,188889745,196791,463259,11324033,343240
Report,10/15/2021,US,,,,,,,1126317,843065,,,,N/A,N/A,N/A
Admin,10/16/2021,US,461367,138639,410291074,218709510,202032,728479,,,135774,189025519,193359,191935,11515968,341232
Report,10/16/2021,US,,,,,,,876086,803960,,,,N/A,N/A,N/A
Admin,10/17/2021,US,254381,82990,410545455,218792500,200397,722201,,,79735,189105254,190588,92975,11608943,339396
Report,10/17/2021,US,,,,,,,818998,811216,,,,N/A,N/A,N/A
Admin,10/18/2021,US,777246,225102,411322701,219017602,199698,717943,,,198950,189304204,189038,363359,11972302,337571
Report,10/18/2021,US,,,,,,,531983,817729,,,,N/A,N/A,N/A
Admin,10/19/2021,US,761254,203912,412083955,219221514,195632,702919,,,180954,189485158,183511,386577,12358879,332280
Report,10/19/2021,US,,,,,,,641045,837452,,,,N/A,N/A,N/A
Admin,10/20/2021,US,762132,201810,412846087,219423324,191831,691521,,,181358,189666516,178767,389954,12748833,329506
Report,10/20/2021,US,,,,,,,750750,831213,,,,N/A,N/A,N/A
Admin,10/21/2021,US,779164,206045,413625251,219629369,188717,681469,,,182721,189849237,174344,401064,13149897,327018
Report,10/21/2021,US,,,,,,,820913,795156,,,,N/A,N/A,N/A
Admin,10/22/2021,US,1255151,298573,414880402,219927942,193867,721527,,,225974,190075211,169352,741160,13891057,366718
Report,10/22/2021,US,,,,,,,952375,770307,,,,N/A,N/A,N/A
Admin,10/23/2021,US,765326,183367,415645728,220111309,200257,764950,,,123029,190198240,167531,463675,14354732,405538
Report,10/23/2021,US,,,,,,,893144,772744,,,,N/A,N/A,N/A
Admin,10/24/2021,US,439401,112509,416085129,220223818,204474,791382,,,74225,190272465,166744,254326,14609058,428588
Report,10/24/2021,US,,,,,,,789309,768503,,,,N/A,N/A,N/A
Admin,10/25/2021,US,1382112,314643,417467241,220538461,217266,877791,,,186146,190458611,164915,890186,15499244,503849
Report,10/25/2021,US,,,,,,,656714,786321,,,,N/A,N/A,N/A
Admin,10/26/2021,US,1383522,304191,418850763,220842652,231591,966686,,,180268,190638879,164817,910884,16410128,578750
Report,10/26/2021,US,,,,,,,709834,796148,,,,N/A,N/A,N/A
Admin,10/27/2021,US,1395641,303426,420246404,221146078,246108,1057188,,,180082,190818961,164635,924831,17334959,655161
Report,10/27/2021,US,,,,,,,1142398,852098,,,,N/A,N/A,N/A
Admin,10/28/2021,US,1331405,285282,421577809,221431360,257427,1136079,,,175305,190994266,163575,885022,18219981,724298
Report,10/28/2021,US,,,,,,,1641113,969270,,,,N/A,N/A,N/A
Admin,10/29/2021,US,1425085,302977,423002894,221734337,258056,1160356,,,192024,191186290,158725,944674,19164655,753371
Report,10/29/2021,US,,,,,,,1225216,1008247,,,,N/A,N/A,N/A
Admin,10/30/2021,US,646224,146075,423649118,221880412,252729,1143341,,,94941,191281231,154713,412101,19576756,746003
Report,10/30/2021,US,,,,,,,1636930,1114502,,,,N/A,N/A,N/A
Admin,10/31/2021,US,201359,53888,423850477,221934300,244355,1109335,,,33924,191315155,148955,116269,19693025,726281
Report,10/31/2021,US,,,,,,,1412416,1203517,,,,N/A,N/A,N/A
